starting_cube,moves,result_cube
U:4 3;4 5| L:2 2;4 2| F:6 1;6 1| R:3 1;6 6| B:2 3;4 5| D:1 5;3 5,U,U:4 4;5 3| L:6 1;4 2| F:3 1;6 1| R:2 3;6 6| B:2 2;4 5| D:1 5;3 5
U:4 3;4 5| L:2 2;4 2| F:6 1;6 1| R:3 1;6 6| B:2 3;4 5| D:1 5;3 5,U1,U:3 5;4 4| L:2 3;4 2| F:2 2;6 1| R:6 1;6 6| B:3 1;4 5| D:1 5;3 5
U:4 3;4 5| L:2 2;4 2| F:6 1;6 1| R:3 1;6 6| B:2 3;4 5| D:1 5;3 5,U2,U:5 4;3 4| L:3 1;4 2| F:2 3;6 1| R:2 2;6 6| B:6 1;4 5| D:1 5;3 5
U:4 3;4 5| L:2 2;4 2| F:6 1;6 1| R:3 1;6 6| B:2 3;4 5| D:1 5;3 5,D,U:4 3;4 5| L:2 2;4 5| F:6 1;4 2| R:3 1;6 1| B:2 3;6 6| D:3 1;5 5
U:4 3;4 5| L:2 2;4 2| F:6 1;6 1| R:3 1;6 6| B:2 3;4 5| D:1 5;3 5,D1,U:4 3;4 5| L:2 2;6 1| F:6 1;6 6| R:3 1;4 5| B:2 3;4 2| D:5 5;1 3
U:4 3;4 5| L:2 2;4 2| F:6 1;6 1| R:3 1;6 6| B:2 3;4 5| D:1 5;3 5,D2,U:4 3;4 5| L:2 2;6 6| F:6 1;4 5| R:3 1;4 2| B:2 3;6 1| D:5 3;5 1
U:4 3;4 5| L:2 2;4 2| F:6 1;6 1| R:3 1;6 6| B:2 3;4 5| D:1 5;3 5,L,U:5 3;3 5| L:4 2;2 2| F:4 1;4 1| R:3 1;6 6| B:2 3;4 1| D:6 5;6 5
U:4 3;4 5| L:2 2;4 2| F:6 1;6 1| R:3 1;6 6| B:2 3;4 5| D:1 5;3 5,L1,U:6 3;6 5| L:2 2;2 4| F:1 1;3 1| R:3 1;6 6| B:2 4;4 4| D:5 5;3 5
U:4 3;4 5| L:2 2;4 2| F:6 1;6 1| R:3 1;6 6| B:2 3;4 5| D:1 5;3 5,L2,U:1 3;3 5| L:2 4;2 2| F:5 1;3 1| R:3 1;6 6| B:2 6;4 6| D:4 5;4 5
U:4 3;4 5| L:2 2;4 2| F:6 1;6 1| R:3 1;6 6| B:2 3;4 5| D:1 5;3 5,R,U:4 1;4 1| L:2 2;4 2| F:6 5;6 5| R:6 3;6 1| B:5 3;3 5| D:1 4;3 2
U:4 3;4 5| L:2 2;4 2| F:6 1;6 1| R:3 1;6 6| B:2 3;4 5| D:1 5;3 5,R1,U:4 4;4 2| L:2 2;4 2| F:6 3;6 5| R:1 6;3 6| B:5 3;5 5| D:1 1;3 1
U:4 3;4 5| L:2 2;4 2| F:6 1;6 1| R:3 1;6 6| B:2 3;4 5| D:1 5;3 5,R2,U:4 5;4 5| L:2 2;4 2| F:6 4;6 2| R:6 6;1 3| B:1 3;1 5| D:1 3;3 5
U:4 3;4 5| L:2 2;4 2| F:6 1;6 1| R:3 1;6 6| B:2 3;4 5| D:1 5;3 5,F,U:4 3;2 2| L:2 1;4 5| F:6 6;1 1| R:4 1;5 6| B:2 3;4 5| D:6 3;3 5
U:4 3;4 5| L:2 2;4 2| F:6 1;6 1| R:3 1;6 6| B:2 3;4 5| D:1 5;3 5,F1,U:4 3;3 6| L:2 5;4 4| F:1 1;6 6| R:5 1;1 6| B:2 3;4 5| D:2 2;3 5
U:4 3;4 5| L:2 2;4 2| F:6 1;6 1| R:3 1;6 6| B:2 3;4 5| D:1 5;3 5,F2,U:4 3;5 1| L:2 6;4 3| F:1 6;1 6| R:2 1;2 6| B:2 3;4 5| D:5 4;3 5
U:4 3;4 5| L:2 2;4 2| F:6 1;6 1| R:3 1;6 6| B:2 3;4 5| D:1 5;3 5,B,U:1 6;4 5| L:3 2;4 2| F:6 1;6 1| R:3 5;6 3| B:4 2;5 3| D:1 5;2 4
U:4 3;4 5| L:2 2;4 2| F:6 1;6 1| R:3 1;6 6| B:2 3;4 5| D:1 5;3 5,B1,U:4 2;4 5| L:3 2;5 2| F:6 1;6 1| R:3 4;6 3| B:3 5;2 4| D:1 5;6 1
U:4 3;4 5| L:2 2;4 2| F:6 1;6 1| R:3 1;6 6| B:2 3;4 5| D:1 5;3 5,B2,U:5 3;4 5| L:6 2;1 2| F:6 1;6 1| R:3 4;6 2| B:5 4;3 2| D:1 5;3 4
U:4 3;4 5| L:2 2;4 2| F:6 1;6 1| R:3 1;6 6| B:2 3;4 5| D:1 5;3 5,B R2,U:1 5;4 4| L:3 2;4 2| F:6 5;6 4| R:3 6;5 3| B:1 2;1 3| D:1 6;2 5